Time_hours,Stem_cells,Buffer_cells,Producer_cells,Cumulative_yield
0.0,10000000.0,0.0,0.0,0.0
0.04804804804804805,10280637.301876768,284085.95681886043,8351.871529164902,9.618849750466421e-05
0.0960960960960961,10568799.621276364,560223.0651309771,33587.56837413134,0.0007725364721218168
0.14414414414414414,10864667.924589569,829070.030571535,76014.7437356334,0.002618311388140549
0.1921921921921922,11168425.844919614,1091253.7583082,135991.26101179395,0.006234289233881053
0.2402402402402402,11480259.587726565,1347371.2104879706,213925.49296037274,0.012234498497339786
0.2882882882882883,11800357.822658189,1597991.1569418071,310276.72050648177,0.02124797632003848
0.33633633633633636,12128911.560611734,1843655.8207975742,425555.6285787813,0.03392053756038688
0.3843843843843844,12466114.015179085,2084882.4257054473,560324.8930081069,0.0509165587809367
0.4324324324324324,12812160.446396517,2322164.658702936,715199.860471904,0.0729207922493838
0.4804804804804804,13167247.987349778,2555974.0461649746,890849.3100361935,0.10064019917404775
0.5285285285285285,13531575.449890152,2786761.2418940295,1087996.3049848033,0.13480581351960738
0.5765765765765766,13905343.11026735,3014957.2413633056,1307419.1204698791,0.1761746356294848
0.6246246246246246,14288752.472440371,3240974.521020868,1549952.248047019,0.22553155937995778
0.6726726726726727,14682006.007766327,3465208.1068258174,1816487.4726682696,0.2836913352685116
0.7207207207207207,15085306.86611959,3688036.5672010556,2107975.02622455,0.35150057719768
0.7687687687687688,15498858.574926272,3909822.977313464,2425424.7695239563,0.4298397876811217
0.8168168168168167,15922864.688844062,4130915.7716752775,2769907.48222321,0.5196254574234178
0.8648648648648648,16357528.41089481,4351649.52715849,3142556.221781513,0.6218122083081717
0.9129129129129129,16803052.20839877,4572345.79032208,3544567.625186544,0.7373949426356862
0.9609609609609608,17259637.36501375,4793313.734359565,3977203.376106999,0.867411086855981
1.009009009009009,17727483.516072918,5014850.83720252,4441791.628437651,1.0129428553209354
1.057057057057057,18206788.135330625,5237243.468767116,4939728.504297026,1.1751195830696148
1.1051051051051048,18697745.990192328,5460767.447890447,5472479.599200882,1.355120100074564
1.1531531531531531,19200548.5509841,5685688.5530994665,6041581.4900838295,1.5541751623219193
1.2012012012012012,19715383.36255421,5912262.980842463,6648643.27098958,1.7735699323777296
1.2492492492492493,20242433.365754448,6140737.764441692,7295348.062962029,2.014646515233848
1.2972972972972974,20781876.17471136,6371351.148722593,7983454.514841857,2.2788065445344694
1.3453453453453454,21333883.310003344,6604332.919556627,8714798.30621385,2.5675138222968292
1.3933933933933933,21898619.3762173,6839904.6960353,9491293.577918371,2.882297007191423
1.4414414414414414,22476241.180611517,7078280.187937336,10314934.280574473,3.2247523537809157
1.4894894894894894,23066896.811935704,7319665.404332945,11187795.535138946,3.596546500716486
1.5375375375375375,23670724.66321612,7564258.820785504,12112034.87060424,3.999419289439318
1.5855855855855856,24287852.381917514,7812251.524754424,13089893.346759629,4.435186648279708
1.6336336336336335,24918395.78448187,8063827.305422155,14123696.593137732,4.905743488691997
1.6816816816816815,25562457.69340186,8319162.71981339,15215855.698391056,5.41306665839414
1.7297297297297296,26220126.726053763,8578427.115012594,16368867.928071007,5.959217899977279
1.7777777777777777,26891476.01830045,8841782.61695689,17585317.29106149,6.546346848185498
1.8258258258258258,27576561.889944218,9109384.082746122,18867874.891082488,7.176694037121972
1.8738738738738736,28275422.451398134,9381379.016018765,20219299.048413053,7.852593912145012
1.9219219219219217,28988076.1462428,9657907.449546438,21642435.196109425,8.576477855592179
1.96996996996997,29714520.245498016,9939101.791323448,23140215.450751476,9.350877178178
2.018018018018018,30454729.270967267,10225086.636746183,24715657.939975813,10.178426126888994
2.066066066066066,31208653.382661767,10515978.545917856,26371865.72608831,11.061864821659613
2.114114114114114,31976216.695323154,10811885.787817206,28112025.425346445,12.004042190508416
2.162162162162162,32757315.567008473,11112908.05145745,29939405.376792017,13.007918812271134
2.2102102102102097,33551816.826498546,11419136.123495614,31857353.419218164,14.076569720541027
2.258258258258258,34359555.97190637,11730651.53465976,33869294.18718315,15.213187107601666
2.3063063063063063,35180335.348614305,12047526.17559211,35978725.88262241,16.421082906799647
2.3543543543543546,36013922.268495224,12369821.879844336,38189216.572933845,17.703691309627825
2.4024024024024024,36860047.16142083,12697589.982691918,40504399.85330943,19.06457107055275
2.4504504504504507,37718401.665941514,13030870.845856655,42927969.959821284,20.507407727153016
2.4984984984984986,38588636.76948703,13369693.36209506,45463676.21388076,22.03601557864503
2.5465465465465464,39470360.93624728,13714074.431233829,48115316.80380675,23.6543394934022
2.5945945945945947,40363138.258472726,14064018.413321167,50886731.87207575,25.366456495347247
2.6426426426426426,41266486.687351674,14419516.567365814,53781795.86565312,27.176577053164134
2.690690690690691,42179876.253511995,14780546.460814003,56804409.10918029,29.08904616496491
2.7387387387387387,43102727.43947869,15147071.378547821,59958488.64113349,31.108344057717787
2.7867867867867866,44034409.57002398,15519039.705526087,63247958.170509264,33.23908662318764
2.834834834834835,44974239.36066922,15896384.311399346,66676737.28045822,35.48602545158575
2.8828828828828827,45921479.58333071,16279021.927284023,70248729.76068719,37.85404748432498
2.930930930930931,46875337.854449674,16666852.515943412,73967811.05018836,40.34817427235021
2.978978978978979,47834965.65883642,17059758.66160925,77837814.98331101,42.97356074199058
3.0270270270270268,48799457.48922932,17457604.947332196,81862519.45474598,45.735493533900694
3.075075075075075,49767850.29173876,17860237.37305997,86045631.60418907,48.63938879544983
3.123123123123123,50739123.06477885,18267482.76323671,90390771.74342254,51.690789469605704
3.171171171171171,51712196.74496621,18679148.20659886,94901456.59198436,54.895362014407695
3.219219219219219,52685934.51760111,19095020.580274254,99581082.64016658,58.25889251189715
3.267267267267267,53659142.257150136,19514866.03590427,104432907.49072768,61.78728218102852
3.315315315315315,54630569.37114217,19938429.557366915,109460031.00370564,65.48654224642334
3.363363363363363,55598910.069784306,20365434.623695433,114665377.04788212,69.36278824143874
3.4114114114114114,56562804.94440043,20795582.855511546,120051672.9562866,73.4222334728995
3.459459459459459,57520842.97561728,21228553.7588023,125621429.29032339,77.67118185956639
3.507507507507507,58471563.923119836,21664004.588659465,131376920.72692363,82.11602026840278
3.5555555555555554,59413461.238846295,22101570.227309316,137320164.46370915,86.76320978643895
3.603603603603603,60344985.384751804,22540863.18311932,143452899.61565843,91.61927643913349
3.6516516516516515,61264547.42719619,22981473.71323049,149776568.22983804,96.69080155671118
3.6996996996996994,62170523.43112164,23422970.011434957,156292293.89791584,101.98441077786055
3.747747747747747,63061259.139658615,23864898.527698833,163000862.09981492,107.50676268861046
3.7957957957957955,63935074.787954405,24306784.40821536,169902702.56006128,113.2645372552922
3.8438438438438434,64790270.99784401,24748132.06255178,176997869.67431712,119.26442268064392
3.891891891891892,65625134.74856937,25188425.857986964,184286025.33982578,125.5131021444449
3.93993993993994,66437945.30972214,25627130.918106847,191766424.07866117,132.0172405323367
3.987987987987988,67226981.50351907,26063694.12664458,199437897.1201198,138.78346940559638
4.036036036036036,67990528.74771313,26497545.229524642,207298839.3642889,145.8183721986255
4.084084084084084,68726885.88499315,26928098.018328685,215347198.72518384,153.12846959078496
4.132132132132132,69434373.48904805,27354751.797700286,223580465.82775116,160.72020307914093
4.18018018018018,70111341.60904881,27776892.89944968,231995666.66677374,168.59991914911666
4.228228228228228,70756177.14625043,28193896.248316705,240589357.55479667,176.77385379532564
4.276276276276276,71367312.6847579,28605127.28354851,249357622.22841665,185.24811537571983
4.324324324324324,71943234.43479788,29009943.853111632,258296071.48186287,194.02866841925987
4.3723723723723715,72482489.69455521,29407698.128133144,267399844.8583584,203.12131793579053
4.420420420420419,72983695.51967292,29797738.92109725,276663616.523253,212.53169239993724
4.468468468468468,73445546.27609077,30179413.88993327,286081602.6665053,222.26522796347666
4.516516516516516,73866820.64520915,30552071.73325195,295647570.6646433,232.32715329354824
4.564564564564564,74246389.34748343,30915064.796860177,305354854.35353637,242.7224736434836
4.612612612612613,74583221.69571573,31267751.481290072,315196369.3573042,253.4559562814745
4.660660660660661,74876391.5692318,31609498.6149115,325164629.8953235,264.5321166521161
4.708708708708709,75125083.41328771,31939684.19490638,335251773.1431161,275.9552045071038
4.756756756756757,75328597.23954484,32257699.86315259,345449581.9390123,287.7291913362154
4.804804804804805,75486353.02427126,32562953.325508185,355749508.75382173,299.85775863884777
4.852852852852853,75597894.33413002,32854871.03968369,366142707.8051344,312.344286999816
4.9009009009009015,75662891.34724835,33132900.60822053,376620063.9162453,325.1918462111967
4.948948948948949,75681143.22743082,33396513.09145399,387172222.4764487,338.40318636307035
4.996996996996997,75652578.9708421,33645205.44294144,397789627.04742885,351.9807305559711
5.045045045045045,75577258.19948873,33878502.66675716,408462552.598079,365.9265682430384
5.093093093093093,75455371.22596681,34095959.864497714,419181139.64423573,380.24244970068713
5.141141141141142,75287237.03662866,34297164.23201842,429935434.43949205,394.92978279140476
5.1891891891891895,75073301.81192227,34481736.84218205,440715424.45368856,409.98962985236085
5.237237237237237,74814136.61076677,34649334.27529033,451511074.3874109,425.4227058953082
5.285285285285285,74510432.74368778,34799650.02910285,462312365.8053425,441.22937950958396
5.333333333333333,74162998.17243464,34932415.81525525,473109332.5971873,457.4096733981447
5.381381381381382,73772752.98424037,35047402.64864263,483892096.30315745,473.96326639989326
5.42942942942943,73340722.69622076,35144421.58038164,494650902.2675765,490.88949830043714
5.4774774774774775,72868032.73163645,35223324.4100085,505376152.90796036,508.18737403524995
5.525525525525525,72355902.25448255,35284004.174604304,516058439.78561246,525.8555691690027
5.573573573573573,71805636.52021179,35326395.252430625,526688574.04290026,543.8924376520087
5.621621621621622,71218619.45728305,35350473.41345536,537257615.732395,562.2960198183314
5.66966966966967,70596305.88113855,35356255.54674406,547756899.7918761,581.0640516237044
5.717717717717718,69940213.70892392,35343799.25812401,558178060.626051,600.1939744121348
5.7657657657657655,69251916.20105387,35313202.29814698,568513054.5972462,619.6829452755583
5.813813813813813,68533033.47384414,35264601.63362362,578754178.8727189,639.5278490819353
5.861861861861862,67785224.40735179,35198172.55108713,588894089.9299022,659.7253103312767
5.90990990990991,67010178.63259545,35114127.41897578,598925817.4842604,680.2717059437191
5.957957957957958,66209608.61488293,35012714.36855186,608842776.9751326,701.1631783788736
6.006006006006006,65385241.928556405,34894215.87790724,618638780.2093161,722.3956490388862
6.0540540540540535,64538813.808427714,34758947.09031361,628308041.5722439,743.9648322760602
6.102102102102102,63672059.816837594,34607254.13804369,637845184.47499,765.8662493231682
6.15015015015015,62786709.0966716,34439512.28557806,647245243.4270473,788.0952425028458
6.198198198198198,61884477.856807,34256124.028697096,656503664.7151536,810.6469894921745
6.246246246246246,60967063.11796305,34057517.17248946,665616305.784118,833.5165175777414
6.294294294294294,60036137.27763573,33844142.74457918,674579430.8518391,856.6987177388839
6.342342342342342,59093342.59560343,33616472.93510772,683389706.7376971,880.1883587526341
6.39039039039039,58140286.55463068,33374999.00014835,692044195.6247995,903.9801009128671
6.438438438438438,57178537.53674756,33120229.15660325,700540346.6712122,928.0685095688689
6.486486486486486,56209620.72915494,32852686.486074943,708875986.8378122,952.4480684861664
6.534534534534534,55235014.99245735,32572906.8467585,717049309.4325039,977.1131925052144
6.5825825825825826,54256149.62428974,32281436.798058406,725058862.5460938,1002.0582402322807
6.63063063063063,53274401.94660572,31978831.59299396,732903536.0546386,1027.2775259683474
6.678678678678678,52291095.23799681,31665653.206834942,740582547.902083,1052.765331261697
6.726726726726726,51307496.845091306,31342468.391169548,748095429.9261947,1078.5159162078346
6.774774774774774,50324817.09932905,31009846.86337735,755442013.0178956,1104.5235297864854
6.822822822822823,49344208.18638869,30668359.486253165,762622411.8694124,1130.782420203021
6.870870870870871,48366763.66170831,30318576.596059628,769637009.6486611,1157.2868442783144
6.918918918918918,47393518.26896949,29961066.40892981,776486442.5112737,1184.0310763337047
6.966966966966966,46425447.711991295,29596393.404865067,783171583.5812246,1211.0094171126689
7.015015015015014,45463469.1729038,29225116.9675407,789693527.7953659,1238.216201333692
7.063063063063063,44508441.86458867,28847790.03196697,796053576.4284508,1265.6458051177947
7.111111111111111,43561167.72738592,28464957.764329243,802253221.3710605,1293.292653140083
7.159159159159159,42622392.52909182,28077156.493522625,808294130.8817657,1321.151224620634
7.207207207207206,41692807.00485438,27684912.607727095,814178134.6202935,1349.2160593286553
7.255255255255254,40773048.16646349,27288741.55730818,819907209.1635656,1377.4817630439184
7.303303303303303,39863700.80821862,26889147.0545311,825483464.9357377,1405.943012132336
7.351351351351351,38965299.10163004,26486620.23343514,830909132.2729267,1434.5945581481233
7.399399399399399,38078328.271138474,26081638.9719975,836186548.7803355,1463.431231727884
7.447447447447447,37203226.33447257,25674667.324483108,841318147.4868971,1492.4479459727818
7.495495495495494,36340385.99190421,25266154.942239963,846306444.4562134,1521.6396996999567
7.543543543543543,35490156.444919065,24856536.670922097,851154028.0858614,1551.0015800335837
7.591591591591591,34652845.28553668,24446232.196895193,855863548.6264049,1580.5287646976597
7.639639639639639,33828720.503543936,24035645.72474913,860437707.6045914,1610.2165240761567
7.687687687687687,33018012.312999453,23625165.793849792,864879248.9522417,1640.0602227434695
7.7357357357357355,32220915.102297697,23215165.117753897,869190949.9796014,1670.055320789695
7.783783783783784,31437589.409073178,22806000.47527649,873375612.7462809,1700.1973748613018
7.831831831831832,30668163.6866366,22398012.705915347,877436056.7712368,1730.4820388503977
7.87987987987988,29912736.232381567,21991526.719198458,881375111.5129638,1760.9050643793655
7.927927927927928,29171377.01010498,21586851.56549219,885195609.6206511,1791.4623010330663
7.975975975975976,28444129.33910694,21184280.56322408,888900380.9866921,1822.149696364479
8.024024024024024,27731011.7105604,20784091.454475824,892492246.7658376,1852.963295679294
8.072072072072071,27032019.41477379,20386546.605690584,895974014.2305459,1883.8992416581807
8.12012012012012,26347126.121222265,19991893.242784575,899348472.0550351,1914.9537738036677
8.168168168168169,25676285.5221326,19600363.718069226,902618385.7692707,1946.123227677861
8.216216216216216,25019432.76033564,19212175.800815284,905786493.9261928,1977.4040340743836
8.264264264264265,24376485.87537446,18827532.99652676,908855504.515786,2008.7927180151837
8.312312312312311,23747347.241767935,18446624.894470416,911828091.673019,2040.2858975898212
8.36036036036036,23131904.789920975,18069627.513118118,914706892.9340073,2071.880282812949
8.408408408408409,22530033.27831555,17696703.677063588,917494506.6791109,2103.572674296926
8.456456456456456,21941595.592147943,17328003.42261775,920193489.8121438,2135.359961754533
8.504504504504505,21366443.755453076,16963664.373724576,922806355.9156026,2167.239122654888
8.552552552552552,20804420.019406725,16603812.151021695,925335573.5633835,2199.2072206806856
8.600600600600599,20255357.93868954,16248560.808024885,927783564.919356,2231.261404044738
8.648648648648647,19719083.264259346,15898013.225304902,930152704.5310271,2263.398903966622
8.696696696696696,19195414.842040908,15552261.530027905,932445318.3590719,2295.6170330121704
8.744744744744743,18684165.51451359,15211387.541560657,934663683.0622604,2327.9131832966523
8.792792792792792,18185142.871011052,14875463.171560017,936810025.3661144,2360.284824854844
8.840840840840839,17698149.985006515,14544550.838125842,938886521.635767,2392.729503925225
8.888888888888888,17222986.141031936,14218703.902353391,940895297.7126788,2425.2448411095056
8.936936936936936,16759447.464818453,13897967.06401853,942838428.7393767,2457.8285296830763
8.984984984984983,16307327.519377608,13582376.758614354,944717939.1440288,2490.4783338728407
9.033033033033032,15866417.88374072,13271961.579263246,946535802.8753234,2523.1920870270696
9.081081081081079,15436508.667433092,12966742.658436349,948293943.6012905,2555.967689907374
9.129129129129128,15017388.986199396,12666734.040772753,949994234.997078,2588.8031089956003
9.177177177177176,14608847.415381767,12371943.07355344,951638501.2692966,2621.6963747099444
9.225225225225225,14210672.400059888,12082370.769484516,953228517.6432778,2654.6455797139597
9.273273273273274,13822652.62973778,11798012.152044797,954766010.8667855,2687.648877277841
9.321321321321323,13444577.385993296,11518856.615412278,956252659.9295449,2720.7044795659735
9.36936936936937,13076236.859932816,11244888.26292978,957690096.7650387,2753.8106559903663
9.417417417417418,12717422.443261886,10976086.219645875,959079906.9047881,2786.9657316432263
9.465465465465465,12367926.989080718,10712424.958611742,960423630.3304876,2820.1680856688577
9.513513513513514,12027545.049400344,10453874.610100305,961722762.3195186,2853.416149686145
9.561561561561563,11696073.097583637,10200401.240855101,962978754.1767387,2886.7084063131124
9.60960960960961,11373309.721041258,9951967.141977886,964193014.1359326,2920.0433876468956
9.657657657657658,11059055.783086494,9708531.121184405,965366908.4049609,2953.419673714054
9.705705705705705,10753114.592299107,9470048.744120724,966501761.9030123,2986.8358911100972
9.753753753753754,10455292.040589558,9236472.58703425,967598859.1850702,3020.2907115841463
9.801801801801803,10165396.712322712,9007752.488745125,968659445.4611125,3053.7828506203573
9.84984984984985,9883239.995194383,8783835.777389215,969684727.4905888,3087.311066106833
9.897897897897899,9608636.180418592,8564667.48427572,970675874.454222,3120.8741570472353
9.945945945945946,9341402.534879249,8350190.55925391,971634018.9322625,3154.47096225988
9.993993993993994,9081359.356362987,8140346.078873048,972560257.9109577,3188.100359096113
10.042042042042043,8828330.046646178,7935073.426211515,973455653.5886538,3221.7612622720035
10.09009009009009,8582141.152681878,7734310.475368578,974321234.3202181,3255.4526226715584
10.138138138138139,8342622.387097887,7537993.771488724,975157995.6049738,3289.173426164044
10.186186186186186,8109606.6668087365,7346058.689103457,975966900.9221163,3322.9226925049993
10.234234234234235,7882930.134009092,7158439.586715556,976748882.6060826,3356.6994742491793
10.282282282282283,7662432.157179881,6975069.956598171,977504842.7673883,3390.502855675356
10.33033033033033,7447955.332923882,6795882.5642546965,978235654.164478,3424.3319517529526
10.378378378378379,7239345.494866377,6620809.576913184,978942161.0021827,3458.185907156858
10.426426426426426,7036451.700859692,6449782.688409492,979625179.7863308,3492.0638952889694
10.474474474474475,6839126.20836531,6282733.2386428295,980285500.1905594,3525.9651173191464
10.522522522522523,6647224.4697717205,6119592.319956887,980923885.8027006,3559.8888012875227
10.57057057057057,6460605.109171804,5960290.88075473,981541074.9167631,3593.8342012138
10.618618618618619,6279129.88490114,5804759.821866998,982137781.3381964,3627.8005962297
10.666666666666666,6102663.668006393,5652930.08794639,982714695.1143754,3661.787289745659
10.714714714714715,5931074.4108849075,5504732.75021349,983272483.2590536,3695.793608647702
10.762762762762764,5764233.10877511,5360099.085805256,983811790.482576,3729.8189025091656
10.81081081081081,5602013.756146404,5218960.650833237,984333239.9102086,3763.862542827541
10.85885885885886,5444293.315516163,5081249.348447918,984837433.7358395,3797.923922295346
10.906906906906906,5290951.670763924,4946897.4919327665,985324953.9026746,3832.002454084471
10.954954954954955,5141871.583221523,4815837.862624462,985796362.7505552,3866.0975711579035
11.003003003003004,4996938.6496888865,4688003.762729514,986252203.6331143,3900.2087256078457
11.05105105105105,4856041.252943758,4563329.067879675,986693001.5528361,3934.3353879973643
11.0990990990991,4719070.513891988,4441748.270056238,987119263.7500786,3968.4770467436615
11.147147147147146,4585920.242968116,4323196.516913038,987531480.2762991,4002.6332075207656
11.195195195195195,4456486.8975590225,4207609.656601044,987930124.56547,4036.8033926547832
11.243243243243244,4330669.5263934145,4094924.2656080783,988315653.9761611,4070.9871405765575
11.29129129129129,4208369.719871559,3985077.6797194215,988688510.3227237,4105.184005274982
11.33933933933934,4089491.566386274,3878008.0290115764,989049120.39813,4139.393555747838
11.387387387387387,3973941.5953129376,3773654.2543187,989397896.4644597,4173.615375515214
11.435435435435435,3861628.7294626846,3671956.132425871,989735236.7416714,4207.849062116468
11.483483483483484,3752464.238517063,3572854.299935832,990061525.8836485,4242.094226619819
11.531531531531531,3646361.683646509,3476290.262553219,990377135.4224014,4276.350493184121
11.57957957957958,3543236.8717270074,3382206.4148905375,990682424.2182763,4310.617498596563
11.627627627627627,3443007.806546321,3290546.0532682184,990977738.8881432,4344.894891840557
11.675675675675675,3345594.636935041,3201253.381294295,991263414.2104163,4379.182333695052
11.723723723723724,3250919.6126306946,3114273.525607121,991539773.5413694,4413.479496307921
11.771771771771771,3158907.033704359,3029552.537304959,991807129.1919744,4447.786062824782
11.81981981981982,3069483.201222135,2947037.392863031,992065782.7945628,4482.1017270271905
11.867867867867867,2982576.373071194,2866676.0023338334,992316025.6776447,4516.42619295334
11.915915915915916,2898116.723333789,2788417.2219928047,992558139.2431893,4550.7591745105465
11.963963963963964,2816036.2881965297,2712210.8370466623,992792395.2638502,4585.1003951989
12.012012012012011,2736268.9232465415,2638007.5645788717,993019056.220376,4619.449587771903
12.06006006006006,2658750.2634146684,2565759.06173525,993238375.6492602,4653.806493881909
12.108108108108107,2583417.6769009205,2495417.91523655,993450598.4287963,4688.170863803663
12.156156156156156,2510210.2211756236,2426937.633215072,993655961.0643945,4722.542456155603
12.204204204204204,2439068.6027114415,2360272.644701023,993854691.9902539,4756.921037597638
12.252252252252251,2369935.1380294967,2295378.3005419173,994047011.8694534,4791.306382529196
12.3003003003003,2302753.709842612,2232210.8545071995,994233133.822656,4825.698272873162
12.348348348348347,2237469.72839768,2170727.4583576038,994413263.6955111,4860.096497809987
12.396396396396396,2174030.0943332016,2110886.161640793,994587600.3387952,4894.500853496367
12.444444444444445,2112383.159567048,2052645.8969363153,994756335.8282034,4928.91114285269
12.492492492492492,2052478.6896554795,1995966.4678375602,994919655.687915,4963.327175344669
12.54054054054054,1994267.8278509113,1940808.5424209263,995077739.1299427,4997.748766745706
12.588588588588587,1937703.05990431,1887133.647213664,995230759.290548,5032.1757389016775
12.636636636636636,1882738.178424842,1834904.1484771082,995378883.4067045,5066.607919562218
12.684684684684685,1829328.2489924703,1784083.2428668605,995522273.0268214,5101.0451421723965
12.732732732732732,1777429.5768820918,1734634.9514912236,995661084.2329196,5135.487245651742
12.78078078078078,1726999.6744384975,1686524.1038928467,995795467.8098332,5169.934074229963
12.828828828828827,1677997.2292586404,1639716.3244706783,995925569.4203206,5204.385477275584
12.876876876876876,1630382.0729412525,1594178.022672179,996051529.7938706,5238.841309109385
12.924924924924925,1584115.150433798,1549876.3834208949,996173484.9121326,5273.301428821025
12.972972972972972,1539158.4909031496,1506779.349245924,996291566.1446823,5307.765700137735
13.02102102102102,1495475.1786717884,1464855.6089394435,996405900.414658,5342.2339912609505
13.069069069069068,1453029.3242092952,1424074.588396118,996516610.3737301,5376.706174693151
13.117117117117116,1411786.0371667848,1384406.4348976945,996623814.5323755,5411.182127110645
13.165165165165165,1371711.39969436,1345822.0033514965,996727627.396959,5445.66172922898
13.213213213213212,1332772.4397326997,1308292.8450054647,996828159.6180229,5480.144865656618
13.26126126126126,1294937.104862181,1271791.1962585882,996925518.1348116,5514.631424752276
13.309309309309308,1258174.2384987408,1236289.9623938606,997019806.2802868,5549.121298522266
13.357357357357357,1222453.5552844785,1201762.7056358045,997111123.9110118,5583.6143824923265
13.405405405405405,1187745.616192484,1168183.6347703305,997199567.5458218,5618.110575570579
13.453453453453452,1154021.806529985,1135527.590157785,997285230.4632691,5652.609779951756
13.501501501501501,1121254.3137057924,1103770.0305494652,997368202.808594,5687.1119010116945
13.549549549549548,1089416.1049043261,1072887.0212139185,997448571.7069623,5721.616847195486
13.597597597597597,1058480.9040798075,1042855.2241131387,997526421.390304,5756.12452989204
13.645645645645645,1028423.1732846949,1013651.8821238243,997601833.2671528,5790.634863365193
13.693693693693692,999218.0921242407,985254.807317828,997674886.0233849,5825.147764654035
13.741741741741741,970841.537255032,957642.3696753551,997745655.7244331,5859.663153471774
13.789789789789788,943270.0623704582,930793.4859144725,997814215.9143986,5894.180952107618
13.837837837837837,916480.8813464312,904687.605705712,997880637.6809478,5928.701085362284
13.885885885885886,890451.8495928069,879304.7004418364,997944989.7441196,5963.223480459927
13.933933933933933,865161.4449652204,854625.2527975936,998007338.5515754,5997.748066953816
13.981981981981981,840588.7510044314,830630.2449222195,998067748.3510991,6032.274776654219
14.030030030030028,816713.4411805392,807301.1463615969,998126281.2545958,6066.803543564532
14.078078078078077,793515.7621507104,784619.9033227467,998182997.3148578,6101.334303804967
14.126126126126126,770976.5162292758,762568.9287572568,998237954.6112682,6135.866995527598
14.174174174174173,749077.0474039648,741131.0907389498,998291209.3027928,6170.401558863128
14.222222222222221,727799.2265016952,720289.701801798,998342815.6910067,6204.9379358579345
14.270270270270268,707125.4360859359,700028.508761575,998392826.2870857,6239.47607040728
14.318318318318317,687038.5547957859,680331.6829664437,998441291.8848191,6274.01590818272
14.366366366366366,667521.9453775716,661183.8096369292,998488261.6024154,6308.557396589698
14.414414414414413,648559.4409225222,642569.8781104754,998533782.9414343,6343.100484708591
14.462462462462462,630135.3310151993,624475.2723621802,998577901.847407,6377.645123234167
14.510510510510509,612234.3483305686,606885.7616825625,998620662.7677894,6412.191264417643
14.558558558558557,594841.6578317207,589787.4909612734,998662108.6893483,6446.738862028548
14.606606606606606,577942.8442905833,573166.9716813894,998702281.1906333,6481.287871302097
14.654654654654653,561523.8996524619,557011.0730525142,998741220.4962106,6515.83824888491
14.702702702702702,545571.2116912481,541307.0132308675,998778965.5217648,6550.389952789526
14.750750750750749,530071.553423393,526042.3506774582,998815553.9141871,6584.942942353761
14.798798798798797,515012.072174732,511204.9756418301,998851022.0948579,6619.497178197026
14.846846846846846,500380.2791535285,496783.10190639,998885405.3001784,6654.052622179313
14.894894894894893,486164.03931779513,482765.25875507854,998918737.6208173,6688.609237361441
14.942942942942942,472351.56089271425,469140.2830963432,998951052.0440878,6723.166987962359
14.990990990990989,458931.38580561493,455897.31173101126,998982380.4902849,6757.72583932224
15.039039039039038,445892.3807058919,443025.77376755245,999012753.845391,6792.285757869097
15.087087087087086,433223.72747962567,430515.38311673014,999042201.9978567,6826.846711081507
15.135135135135133,420914.91443890065,418356.13126458094,999070753.8714765,6861.408667455127
15.183183183183182,408955.727890226,406538.28027036,999098437.456346,6895.971596471083
15.231231231231229,397336.2434069693,395052.3557248753,999125279.8420193,6930.535468562265
15.279279279279278,386046.81774659274,383889.13999048824,999151307.246999,6965.100255083181
15.327327327327327,375078.08117336966,373039.6656427556,999176545.0460559,6999.665928281911
15.375375375375373,364420.929412931,362495.20894929086,999201017.8003628,7034.232461269411
15.423423423423424,354066.5162249684,352247.2835751707,999224749.284089,7068.799827992222
15.471471471471471,344006.2463472298,342287.6344663105,999247762.509041,7103.368003207088
15.51951951951952,334231.76811863907,332608.23169284366,999270079.7515788,7137.93696245342
15.567567567567568,324734.9666586902,323201.2645889987,999291722.5765705,7172.506682028632
15.615615615615615,315507.9573845269,314059.1361052008,999312711.8596901,7207.077138965095
15.663663663663664,306543.0792108703,305174.4570876555,999333067.8118473,7241.648311005076
15.711711711711711,297832.8883158009,296540.04083771625,999352810.0006036,7276.220176578591
15.75975975975976,289370.15222031844,288148.89785295044,999371957.3700447,7310.7927147827795
15.807807807807809,281147.8435666665,279994.2305125303,999390528.2626611,7345.365905359362
15.855855855855856,273159.1341849205,272069.4279365845,999408540.4398376,7379.93972867347
15.903903903903904,265397.3898390947,264368.0612012298,999426011.0987802,7414.5141656959295
15.951951951951951,257856.1645628896,256883.8784130691,999442956.8919623,7449.089197983142
16.0,250529.19509568563,249610.79986326527,999459393.9462053,7483.66480765734
16.04804804804805,243410.39608537994,242542.91362755618,999475337.8778493,7518.24097739064
16.096096096096097,236493.8549575184,235674.4710268986,999490803.8099115,7552.8176903872045
16.144144144144143,229773.8267262751,228999.88209985715,999505806.389732,7587.394930364946
16.19219219219219,223244.72958534618,222513.71151768256,999520359.8026923,7621.972681541055
16.24024024024024,216901.14026925183,216210.67441927735,999534477.7873287,7656.5509286162
16.28828828828829,210737.7892807196,210085.63219586125,999548173.6512818,7691.129656757941
16.336336336336338,204749.55675982963,204133.58867784406,999561460.2841337,7725.708851587175
16.384384384384383,198931.4683106339,198349.68632647506,999574350.1706209,7760.288499164237
16.43243243243243,193278.69064166074,192729.20233710963,999586855.4049096,7794.868585973994
16.48048048048048,187786.527663292,187267.54504837634,999598987.7027503,7829.449098913015
16.52852852852853,182450.41674378273,181960.25047413917,999610758.4129874,7864.030025277385
16.576576576576578,177265.9247389099,176802.97871705386,999622178.5302969,7898.611352749345
16.624624624624623,172228.74430398326,171791.51058287144,999633258.7066808,7933.193069385156
16.67267267267267,167334.69051862552,166921.74441555835,999644009.2615768,7967.77516360434
16.72072072072072,162579.69726901563,162189.69279473336,999654440.1932336,8002.357624177686
16.76876876876877,157959.81373154023,157591.47931639804,999664561.1897063,8036.94044021566
16.816816816816818,153471.20145839953,153123.3358003552,999674381.6371559,8071.523601159451
16.864864864864863,149110.13112558582,148781.59928508612,999683910.62982,8106.107096770419
16.912912912912912,144872.97946266574,144562.709163174,999693156.9792374,8140.690917120266
16.96096096096096,140756.2257554566,140463.20403478938,999702129.2255075,8175.275052579235
17.00900900900901,136756.4492939437,136479.71923650074,999710835.6443475,8209.859493808448
17.057057057057058,132870.32655566128,132608.98420205698,999719284.2554488,8244.44423175098
17.105105105105103,129094.62829661829,128847.81977537852,999727482.831349,8279.029257622455
17.153153153153152,125426.2170468267,125193.13579278071,999735438.9044281,8313.614562903458
17.201201201201197,121862.04481786376,121641.92881121402,999743159.7729543,8348.200139332906
17.24924924924925,118399.14993637645,118191.27935023676,999750652.5116804,8382.785978897024
17.297297297297295,115034.65476157336,114838.34966993866,999757923.9780785,8417.372073822531
17.345345345345343,111765.7632738738,111580.3814958655,999764980.819351,8451.958416569149
17.393393393393392,108589.75922103121,108414.69410120774,999771829.4767914,8486.544999824648
17.44144144144144,105504.00348230576,105338.68193486187,999778476.1941216,8521.131816496078
17.489489489489486,102505.93179591067,102349.81248826145,999784927.0241368,8555.718859702629
17.53753753753754,99593.05270581816,99445.62431348073,999791187.8343704,8590.306122769498
17.585585585585584,96762.94554481354,96623.72509103623,999797264.3126986,8624.893599221776
17.633633633633632,94013.25852502175,93881.78978759887,999803161.9725285,8659.481282778825
17.681681681681678,91341.70659221237,91217.55865207838,999808886.1591847,8694.06916734742
17.72972972972973,88746.06958595278,88628.835446724,999814442.0549434,8728.6572470163
17.777777777777775,86224.19039228457,86113.48568066915,999819834.6841762,8763.245516050558
17.825825825825824,83773.97325466643,83669.43491088503,999825068.9176658,8797.833968886885
17.873873873873872,81393.38195355685,81294.66705183187,999830149.4778882,8832.422600127868
17.92192192192192,79080.43809582852,78987.22274174428,999835080.94376,8867.011404536857
17.969969969969966,76833.21948896947,76745.19775928695,999839867.7550055,8901.60037703317
18.01801801801802,74649.85855535827,74566.74150248947,999844514.2164773,8936.189512687386
18.066066066066064,72528.54080335895,72450.0555287134,999849024.5023146,8970.778806716804
18.114114114114113,70467.50327419648,70393.39203228253,999853402.6601293,9005.368254480863
18.162162162162158,68465.0330868169,68395.05244886156,999857652.6149393,9039.957851476836
18.21021021021021,66519.46601104355,66453.38607763138,999861778.1730026,9074.547593335647
18.258258258258255,64629.185145008385,64566.788782641146,999865783.025204,9109.137475818095
18.306306306306304,62792.61952381581,62733.70166057731,999869670.7508708,9143.727494810715
18.354354354354353,61008.2427989666,60952.60976589926,999873444.8213092,9178.317646321884
18.4024024024024,59274.571977776264,59222.0408860503,999877108.6031125,9212.907926478194
18.45045045045045,57590.16621114987,57540.56435000792,999880665.3612989,9247.498331520963
18.4984984984985,55953.625634145516,55906.789875125294,999884118.2622548,9282.088857802975
18.546546546546548,54363.590123275346,54319.36640631457,999887470.3771732,9316.679501784745
18.594594594594593,52818.738188244395,52776.98101923971,999890724.6848776,9351.270260031364
18.642642642642645,51317.7858673094,51278.35784330598,999893884.0746963,9385.861129209346
18.69069069069069,49859.48568726926,49822.25704666531,999896951.3491086,9420.452106083667
18.73873873873874,48442.62569479226,48407.473888784516,999899929.2261335,9455.043187515099
18.786786786786784,47066.028327845896,47032.8376239437,999902820.3424203,9489.634370456828
18.834834834834837,45728.54947388388,45697.21058062704,999905627.2556012,9524.22565195185
18.882882882882882,44429.077516419835,44399.48723097297,999908352.4467283,9558.817029130236
18.93093093093093,43166.53242680245,43138.59329688847,999910998.3225526,9593.408499206616
18.97897897897898,41939.86491899518,41913.48490498476,999913567.2175624,9628.000059477847
19.027027027027028,40748.05548982693,40723.14767503978,999916061.3965783,9662.591707320213
19.075075075075073,39590.113594879644,39566.59590386128,999918483.0567801,9697.183440187115
19.123123123123126,38465.07682257584,38442.871755240114,999920834.329783,9731.77525560678
19.17117117117117,37372.0101072552,37351.04448474208,999923117.2835882,9766.36715118006
19.21921921921922,36310.00500920219,36290.20972048453,999925333.9242954,9800.9591245785
19.267267267267265,35278.17887170699,35259.48865287912,999927486.1983299,9835.55117354188
19.315315315315317,34275.67410947558,34258.0273299271,999929575.9941746,9870.143295876282
19.363363363363362,33301.65749515423,33284.99595489168,999931605.1441367,9904.735489452085
19.41141141141141,32355.319475262484,32339.588213963933,999933575.4260203,9939.327752202107
19.45945945945946,31435.873547151765,31421.020665249496,999935488.5645816,9973.920082119927
19.50750750750751,30542.555533577288,30528.532022956075,999937346.2334187,10008.512477257815
19.555555555555554,29674.622963451984,29661.382548997502,999939150.0564606,10043.104935725034
19.603603603603606,28831.35445486134,28818.853446402034,999940901.60947,10077.697455686162
19.65165165165165,28012.04912081295,28000.246271205826,999942602.421482,10112.290035359458
19.6996996996997,27216.026030289057,27204.882384131073,999944253.9760547,10146.88267301544
19.747747747747745,26442.623582908378,26432.10235507836,999945857.7128592,10181.475366975115
19.795795795795797,25691.19897005874,25681.265426064983,999947415.0289652,10216.068115608527
19.843843843843842,24961.12764119242,24951.748982613095,999948927.2801255,10250.66091733329
19.89189189189189,24251.80278830537,24242.948044632874,999950395.7820076,10285.253770613226
19.93993993993994,23562.63488343735,23554.274810519935,999951821.8112477,10319.846673957105
19.98798798798799,22893.051135324902,22885.15811895968,999953206.6068175,10354.439625917172
20.036036036036034,22242.495021595587,22235.042986834185,999954551.3711278,10389.032625087855
20.084084084084086,21610.425827877658,21603.390153786204,999955857.271122,10423.625670104546
20.13213213213213,20996.318200202593,20989.67563941468,999957125.4393337,10458.218759642386
20.18018018018018,20399.66174307546,20393.39034324922,999958356.9747949,10492.811892415228
20.228228228228225,19819.960553327688,19814.039586555933,999959552.9441875,10527.405067174339
20.276276276276278,19256.73281248224,19251.142708703323,999960714.3827978,10561.998282707318
20.324324324324323,18709.51038809134,18704.23267257311,999961842.295449,10596.591537837028
20.37237237237237,18177.838445437937,18172.855679386856,999962937.6574112,10631.184831420569
20.42042042042042,17661.27510095052,17656.57081573884,999964001.4151827,10665.778162348357
20.46846846846847,17159.391019250128,17154.949663972282,999965034.4874643,10700.371529543056
20.516516516516514,16671.769058428334,16667.575949106533,999966037.7659835,10734.964931958602
20.564564564564566,16198.003925685054,16194.04519565682,999967012.1162925,10769.558368579326
20.61261261261261,15737.701840508023,15733.964393671418,999967958.3785498,10804.151838419028
20.66066066066066,15290.480234459996,15286.951706562924,999968877.3681813,10838.745340520229
20.708708708708706,14855.967404403393,14852.636121628351,999969769.8767154,10873.33887395322
20.756756756756758,14433.802203506246,14430.65714394164,999970636.6724951,10907.932437815256
20.804804804804803,14023.63374367469,14020.664502275293,999971478.5013582,10942.526031229758
20.852852852852852,13625.12110344984,13622.317859123583,999972296.0873079,10977.119653345568
20.9009009009009,13237.933067649292,13235.286545893896,999973090.1330906,11011.713303336248
20.94894894894895,12861.747829226135,12859.249272639254,999973861.3208965,11046.30698039932
20.996996996996995,12496.252719991988,12493.893860713697,999974610.3129752,11080.900683755528
21.045045045045047,12141.143953451332,12138.916986094335,999975337.7522194,11115.494412648182
21.093093093093092,11796.126371540891,11794.023927598817,999976044.2627418,11150.088166342493
21.14114114114114,11460.91321925185,11458.928341461591,999976730.4503694,11184.681944124995
21.189189189189186,11135.22588800628,11133.35200715284,999977396.9032403,11219.275745302864
21.237237237237238,10818.793680902365,10817.02459392624,999978044.192338,11253.86956920331
21.285285285285283,10511.353590632349,10509.683439512835,999978672.8719897,11288.463415172993
21.333333333333332,10212.650079956557,10211.073331719454,999979283.4803623,11323.05728257746
21.38138138138138,9922.434885909162,9920.946316749207,999979876.5398849,11357.651170800633
21.42942942942943,9640.466799546242,9639.061477935045,999980452.5577585,11392.245079244258
21.477477477477475,9366.511461254004,9365.184731738893,999981012.0264176,11426.83900732734
21.525525525525527,9100.341168845109,9099.088637824623,999981555.423957,11461.432954485672
21.573573573573572,8841.734687303066,8840.552209939542,999982083.214557,11496.026920171325
21.62162162162162,8590.47707889311,8589.360741276703,999982595.8488564,11530.620903852237
21.669669669669666,8346.359514019321,8345.30561982022,999983093.7643788,11565.214905011693
21.71771771771772,8109.179092637951,8108.1841519715035,999983577.3859323,11599.808923147895
21.765765765765764,7878.738678526568,7877.799395797595,999984047.1259769,11634.402957773502
21.813813813813812,7654.846734435065,7653.959996625402,999984503.3849909,11668.997008415243
21.86186186186186,7437.317174480392,7436.480042705738,999984946.5517867,11703.591074613503
21.90990990990991,7225.969201916916,7225.178901990892,999985377.0038766,11738.185155921949
21.957957957957955,7020.627153302918,7019.8810657943195,999985795.1078215,11772.779251907083
22.006006006006007,6821.120355361223,6820.416007083921,999986201.2195439,11807.373362147915
22.054054054054053,6627.282982173378,6626.618038279773,999986595.6846426,11841.967486235566
22.1021021021021,6438.9539268284225,6438.326182741561,999986978.8386682,11876.561623772968
22.150150150150147,6255.976662387694,6255.384036605652,999987351.0074325,11911.15577437449
22.1981981981982,6078.199105880723,6077.639633695109,999987712.5073093,11945.749937665609
22.246246246246244,5905.473494673201,5904.945322166024,999988063.6455041,11980.344113282565
22.294294294294293,5737.656262774789,5737.157641330224,999988404.720324,12014.938300872083
22.34234234234234,5574.6079292322265,5574.137208174865,999988736.0214195,12049.532500091058
22.39039039039039,5416.192979029468,5415.74859924153,999989057.8300449,12084.126710606275
22.438438438438435,5262.279744327683,5261.86023355043,999989370.4193199,12118.72093209409
22.486486486486488,5112.740297716799,5112.344265059211,999989674.054461,12153.315164240172
22.534534534534533,4967.45034510308,4967.076475594849,999989968.9930147,12187.90940673922
22.58258258258258,4826.289128556089,4825.936180394086,999990255.4850628,12222.503659294729
22.630630630630627,4689.139324376353,4688.8061260226505,999990533.7734445,12257.097921618726
22.67867867867868,4555.886939405436,4555.572384876923,999990804.0939859,12291.692193431512
22.726726726726724,4426.421218838194,4426.124264556016,999991066.6756973,12326.286474461414
22.774774774774773,4300.634553480474,4300.354215562417,999991321.740973,12360.880764444577
22.822822822822822,4178.422395162749,4178.157745037521,999991569.5057734,12395.475063124719
22.87087087087087,4059.6831695538795,4059.433329769008,999991810.1798128,12430.069370252942
22.918918918918916,3944.3181855897583,3944.0823279425917,999992043.9667554,12464.663685587484
22.966966966966968,3832.231555877729,3832.0088985822395,999992271.0643865,12499.258008893525
23.015015015015013,3723.330116409834,3723.1199213463133,999992491.6647854,12533.852339942978
23.063063063063062,3617.5233528819017,3617.3249232290223,999992705.9544812,12568.446678514323
23.111111111111107,3514.7233261620486,3514.536004183658,999992914.1146123,12603.041024392396
23.15915915915916,3414.844593181837,3414.6677576805255,999993116.3210992,12637.635377368208
23.207207207207205,3317.8041382088372,3317.6372022341843,999993312.74479,12672.229737238758
23.255255255255253,3223.521303345695,3223.36371195356,999993503.5516095,12706.824103806875
23.303303303303302,3131.917724362774,3131.768953219638,999993688.9026943,12741.418476881043
23.35135135135135,3042.91726693466,3042.776821454747,999993868.9545271,12776.012856275252
23.399399399399396,2956.4459576290715,2956.313371061051,999994043.8590884,12810.607241808817
23.44744744744745,2872.4319245181814,2872.306756811713,999994213.7639803,12845.201633306238
23.495495495495494,2790.8053370230523,2790.687173953007,999994378.8125552,12879.796030597037
23.543543543543542,2711.4983500591575,2711.386801277472,999994539.1440344,12914.390433515635
23.591591591591587,2634.4450494311604,2634.339745591521,999994694.8936241,12948.984841901198
23.63963963963964,2559.5813917034016,2559.4819840999353,999994846.192643,12983.579255597504
23.687687687687685,2486.8451528426594,2486.7513119462524,999994993.1686319,13018.173674452797
23.735735735735734,2416.175876160862,2416.087290058885,999995135.9454631,13052.76809831968
23.783783783783782,2347.5148237117824,2347.4311973746935,999995274.6434427,13087.362527054967
23.83183183183183,2280.804929476873,2280.725985039407,999995409.379408,13121.956960519596
23.879879879879876,2215.9907470500134,2215.9162220981516,999995540.2668413,13156.551398578467
23.92792792792793,2153.0184051858178,2152.9480519725407,999995667.4159623,13191.145841100366
23.975975975975974,2091.835562757757,2091.769147559858,999995790.9338235,13225.740287957817
24.024024024024023,2032.3913664817533,2032.328668793386,999995910.9243985,13260.334739027008
24.072072072072068,1974.6364107417603,1974.5772221417922,999996027.4886669,13294.92919418767
24.12012012012012,1918.5226921248432,1918.4668159879657,999996140.7247097,13329.523653322984
24.168168168168165,1864.0035709183976,1863.950821909525,999996250.727791,13364.118116319458
24.216216216216214,1811.0337321444629,1810.983935774743,999996357.5904393,13398.712583066863
24.264264264264263,1759.5691487995107,1759.522140741143,999996461.4025247,13433.307053458111
24.31231231231231,1709.5670473424248,1709.522672182121,999996562.2513317,13467.901527389195
24.360360360360357,1660.985868229837,1660.943979145082,999996660.2216413,13502.49600475907
24.40840840840841,1613.7852325409183,1613.7456905878428,999996755.3958023,13537.090485469593
24.456456456456454,1567.9259082735427,1567.8885815821834,999996847.8538005,13571.684969425412
24.504504504504503,1523.3697783909372,1523.3345417951314,999996937.6733263,13606.27945653392
24.552552552552548,1480.0798111434906,1480.0465470123052,999997024.9298339,13640.87394670515
24.6006006006006,1438.0200258515206,1437.988623180459,999997109.6966162,13675.468439851711
24.64864864864865,1397.1554639538688,1397.1258181610513,999997192.0448642,13710.062935888709
24.696696696696694,1357.4521598594326,1357.42417276285,999997272.0437274,13744.657434733674
24.744744744744747,1318.8771131815256,1318.8506926947841,999997349.760372,13779.2519363065
24.792792792792792,1281.3982631921117,1281.3733218810028,999997425.2600348,13813.846440529367
24.84084084084084,1244.9844591843912,1244.9609145216675,999997498.6060841,13848.440947326688
24.88888888888889,1209.6054353423742,1209.5832094202171,999997569.860072,13883.03545662502
24.936936936936938,1175.2317855357421,1175.210804672615,999997639.0817876,13917.629968353036
24.984984984984983,1141.8349392004106,1141.8151336433716,999997706.3293061,13952.224482441432
25.033033033033032,1109.3871393277257,1109.3684434319823,999997771.6590348,13986.818998822899
25.08108108108108,1077.8614168211145,1077.843768561619,999997835.1257663,14021.413517432038
25.12912912912913,1047.231568667981,1047.2149093349155,999997896.7827245,14056.008038205331
25.177177177177175,1017.4721361473266,1017.4564100744857,999997956.6816095,14090.602561081061
25.225225225225227,988.5583838839426,988.5435382622048,999998014.8726406,14125.197085999287
25.273273273273272,960.4662808658592,960.45226594787,999998071.4045951,14159.791612901769
25.32132132132132,933.1724782779643,933.1592471716891,999998126.3248552,14194.38614173194
25.36936936936937,906.6542905310121,906.6417991664533,999998179.679447,14228.980672434842
25.41741741741742,880.8896764222841,880.8778836181797,999998231.5130792,14263.57520495709
25.465465465465464,855.8572209510861,855.8460883709671,999998281.8691806,14298.16973924682
25.513513513513512,831.5361189326804,831.525610086611,999998330.7899352,14332.764275253652
25.56156156156156,807.906155855564,807.8962362268537,999998378.3163208,14367.35881292864
25.60960960960961,784.9476913841603,784.9383282642706,999998424.4881426,14401.953352224245
25.657657657657655,762.6416430744165,762.6328052439058,999998469.3440682,14436.547893094272
25.705705705705707,740.9694705908294,740.9611280814034,999998512.9216588,14471.142435493855
25.753753753753752,719.9131615490099,719.9052863555988,999998555.2573981,14505.736979379399
25.8018018018018,699.4552149992727,699.4477807290582,999998596.3867275,14540.331524708565
25.84984984984985,679.5786270728069,679.5716088162974,999998636.3440747,14574.926071440212
25.8978978978979,660.2668769072778,660.2602512613132,999998675.1628838,14609.52061953438
25.945945945945944,641.5039129518892,641.4976580331938,999998712.8756423,14644.115168952243
25.993993993993993,623.2741407250161,623.2682357299908,999998749.5139073,14678.70971965609
26.04204204204204,605.5624085761688,605.556833862278,999998785.1083338,14713.304271609277
26.09009009009009,588.3539951908901,588.3487323031034,999998819.6887013,14747.898824776217
26.138138138138135,571.6345974278523,571.6296290708193,999998853.2839379,14782.493379122327
26.186186186186188,555.3903184326025,555.3856284292654,999998885.9221457,14817.087934614015
26.234234234234233,539.607656999599,539.6032300570716,999998917.6306217,14851.682491218651
26.28228228228228,524.2734953960093,524.2693170241273,999998948.4358832,14886.27704890453
26.33033033033033,509.37508847591687,509.3711448656276,999998978.3636905,14920.871607640855
26.37837837837838,494.9000531748142,494.8963310129874,999999007.4390681,14955.466167397704
26.426426426426424,480.83635827072226,480.8328446435703,999999035.6863256,14990.060728146009
26.474474474474473,467.1723148899021,467.16899778652686,999999063.1290766,15024.655289857536
26.52252252252252,453.8965661021104,453.8934342330334,999999089.7902608,15059.249852504847
26.57057057057057,440.99807758952034,440.995120417126,999999115.6921628,15093.844416061296
26.618618618618616,428.46612846205926,428.46333633891,999999140.8564306,15128.438980500989
26.666666666666668,416.2903025105127,416.28766662650025,999999165.3040944,15163.033545798775
26.714714714714713,404.46048002463004,404.4579918151472,999999189.0555828,15197.628111930217
26.762762762762762,392.96682857154525,392.9644799509716,999999212.1307416,15232.22267887158
26.81081081081081,381.799795052978,381.79757833788756,999999234.5488502,15266.817246599796
26.85885885885886,370.9500977420332,370.9480055126377,999999256.3286378,15301.411815092466
26.906906906906904,360.40871877305074,360.40674392549954,999999277.4882987,15336.006384327817
26.954954954954953,350.166896818658,350.16503278667136,999999298.0455066,15370.60095428471
27.003003003003002,340.2161193016382,340.2143598462233,999999318.017432,15405.195524942596
27.05105105105105,330.548115485107,330.54645466818727,999999337.4207549,15439.790096281522
27.099099099099096,321.15484955614806,321.1532817242021,999999356.2716796,15474.384668282095
27.147147147147148,312.02851425322626,312.0270340435843,999999374.5859475,15508.979240925482
27.195195195195193,303.16152432090206,303.1601266814983,999999392.3788506,15543.57381419338
27.243243243243242,294.5465098744608,294.5451900911879,999999409.6652443,15578.168388068016
27.29129129129129,286.1763104015304,286.1750641526755,999999426.459561,15612.762962532113
27.33933933933934,278.0439687801444,278.0427922069674,999999442.7758206,15647.357537568896
27.387387387387385,270.1427258371318,270.14161529124914,999999458.6276435,15681.952113162059
27.435435435435434,262.46601450089844,262.4649664673928,999999474.0282608,15716.546689295768
27.483483483483482,255.0074541952413,255.00646530724106,999999488.9905269,15751.141265954635
27.53153153153153,247.76084560989105,247.7599125431992,999999503.5269295,15785.735843123717
27.579579579579576,240.72016553928623,240.7192849063697,999999517.6496003,15820.330420788487
27.62762762762763,233.87956218346295,233.87873086916724,999999531.3703241,15854.92499893484
27.675675675675674,227.23334998122286,227.2325650938061,999999544.7005501,15889.519577549065
27.723723723723722,220.77600485782997,220.77526368808697,999999557.6514006,15924.114156617854
27.77177177177177,214.5021596630496,214.5014597443462,999999570.2336812,15958.708736128265
27.81981981981982,208.40659972929623,208.40593887585132,999999582.4578893,15993.303316067731
27.867867867867865,202.48425881840544,202.48363487542662,999999594.3342227,16027.897896424041
27.915915915915914,196.73021456178708,196.72962549115783,999999605.8725884,16062.492477185338
27.963963963963963,191.13968441593178,191.13912831465453,999999617.0826112,16097.08705834009
28.01201201201201,185.7080216950521,185.70749677686277,999999627.9736415,16131.681639877106
28.060060060060056,180.43071174748914,180.4302163249656,999999638.5547634,16166.276221785503
28.10810810810811,175.3033683872166,175.30290087387138,999999648.8348012,16200.870804054719
28.156156156156154,170.3217299933914,170.32128886269294,999999658.8223284,16235.465386674483
28.204204204204203,165.48165603525482,165.4812397810269,999999668.5256737,16270.059969634825
28.25225225225225,160.77912363489028,160.77873073181163,999999677.9529288,16304.65455292605
28.3003003003003,156.21022426605353,156.20985327848902,999999687.1119545,16339.249136538747
28.348348348348345,151.77116046067837,151.77081006162962,999999696.0103873,16373.843720463765
28.396396396396394,147.45824263317752,147.45791162405408,999999704.6556467,16408.438304692223
28.444444444444443,143.26788600515164,143.26757338765944,999999713.05494,16443.03288921548
28.49249249249249,139.1966077063851,139.196312610824,999999721.2152698,16477.627474025157
28.540540540540537,135.2410239205633,135.24074545083928,999999729.1434387,16512.2220591131
28.58858858858859,131.39784692855332,131.39758422450709,999999736.8460557,16546.8166444714
28.636636636636634,127.66388242843048,127.66363460713508,999999744.3295417,16581.411230092355
28.684684684684683,124.03602688529344,124.0357930054806,999999751.6001343,16616.005815968503
28.73273273273273,120.51126500692403,120.51104424468181,999999758.6638933,16650.600402092576
28.78078078078078,117.08666716242766,117.08645874473373,999999765.5267062,16685.194988457526
28.828828828828826,113.7593869547705,113.75919015851377,999999772.1942927,16719.789575056497
28.876876876876874,110.52665885047185,110.52647302709528,999999778.672209,16754.384161882837
28.924924924924923,107.38579595866618,107.38562048620959,999999784.9658542,16788.978748930072
28.972972972972972,104.334187746689,104.3340220292072,999999791.0804722,16823.573336191923
29.021021021021017,101.36929783730895,101.36914133268178,999999797.0211587,16858.167923662284
29.06906906906907,98.48866191269727,98.48851414395445,999999802.7928635,16892.762511335222
29.117117117117115,95.68988569435443,95.68974623699724,999999808.4003959,16927.35709920498
29.165165165165163,92.97064298936264,92.97051142661584,999999813.8484277,16961.951687265955
29.213213213213212,90.32867367524612,90.32854959798888,999999819.1414982,16996.546275512705
29.26126126126126,87.76178184534638,87.76166482167964,999999824.2840172,17031.140863939952
29.309309309309306,85.26783398515128,85.2677235367087,999999829.280269,17065.73545254256
29.357357357357355,82.84475725276937,82.84465295522142,999999834.1344157,17100.330041315545
29.405405405405403,80.49053769355876,80.49043915859662,999999838.8505012,17134.924630254052
29.453453453453452,78.2032185694312,78.20312545505377,999999843.4324536,17169.519219353384
29.501501501501497,75.98089872396626,75.98081076805602,999999847.8840898,17204.11380860896
29.54954954954955,73.8217310856878,73.82164804880678,999999852.2091178,17238.708398016337
29.597597597597595,71.72392104284167,71.72384267348106,999999856.4111398,17273.302987571198
29.645645645645644,69.68572498396746,69.68565104313893,999999860.493656,17307.897577269352
29.693693693693692,67.70544883273243,67.70537907578955,999999864.4600664,17342.492167106717
29.74174174174174,65.78144665005155,65.78138081936494,999999868.3136746,17377.086757079338
29.789789789789786,63.91211929814133,63.91205715948115,999999872.0576895,17411.68134718337
29.837837837837835,62.09591307781777,62.09585441567305,999999875.6952296,17446.275937415077
29.885885885885884,60.33131844072995,60.331263060993955,999999879.2293237,17480.870527770818
29.933933933933933,58.6168687228394,58.61681644010006,999999882.6629151,17515.46511824708
29.981981981981978,56.9511389372452,56.95108958116867,999999885.9988629,17550.059708840425
30.03003003003003,55.332744589994775,55.33269800320482,999999889.2399448,17584.65429954753
30.078078078078075,53.76034053812772,53.76029657138258,999999892.3888597,17619.248890365154
30.126126126126124,52.23261987674711,52.232578380020385,999999895.4482296,17653.843481290158
30.174174174174173,50.74831283165526,50.74827365715071,999999898.4206015,17688.438072319488
30.22222222222222,49.30618569317337,49.306148706981276,999999901.3084505,17723.032663450176
30.270270270270267,47.905039835366836,47.90500491681348,999999904.1141808,17757.62725467934
30.318318318318315,46.54371068303502,46.543677720709404,999999906.8401283,17792.221846004184
30.366366366366364,45.22106674489546,45.221035630665455,999999909.4885626,17826.81643742198
30.414414414414413,43.93600870522006,43.93597933536251,999999912.0616884,17861.41102893009
30.462462462462458,42.687468473674926,42.68744074986908,999999914.561648,17896.005620525946
30.51051051051051,41.474408306898944,41.474382136801104,999999916.9905224,17930.600212207053
30.558558558558556,40.29581997103208,40.295795267037235,999999919.3503336,17965.194803970982
30.606606606606604,39.15072386646421,39.15070054577119,999999921.6430458,17999.789395815384
30.654654654654653,38.038168230953154,38.038146215771356,999999923.8705677,18034.383987737965
30.7027027027027,36.95722836367871,36.95720758150903,999999926.0347532,18068.978579736508
30.750750750750747,35.90700581085231,35.90698619297082,999999928.1374041,18103.573171808846
30.798798798798796,34.88662766005302,34.886609141397635,999999930.1802703,18138.167763952893
30.846846846846848,33.895245829524086,33.89522834872881,999999932.1650524,18172.7623561666
30.894894894894893,32.93203636669018,32.93201986565138,999999934.0934019,18207.356948447985
30.942942942942942,31.996198703291487,31.99618312721832,999999935.9669241,18241.95154079513
30.99099099099099,31.086954984170795,31.086940281598608,999999937.7871782,18276.546133206164
31.03903903903904,30.203549480108915,30.20353560225031,999999939.5556791,18311.14072567927
31.087087087087085,29.345247918940636,29.345234819223467,999999941.2738987,18345.73531821268
31.135135135135137,28.511336894270997,28.51132452817852,999999942.9432671,18380.329910804685
31.183183183183182,27.70112333826379,27.70111166407864,999999944.5651734,18414.92450345361
31.23123123123123,26.91393383595227,26.913922814428695,999999946.1409674,18449.519096157852
31.279279279279276,26.14911408880039,26.149103683394955,999999947.6719604,18484.113688915822
31.32732732732733,25.406028372037184,25.406018549175634,999999949.1594265,18518.708281726
31.375375375375373,24.68405909553255,24.684049823106395,999999950.6046034,18553.302874586905
31.423423423423422,23.9826062012966,23.9825974488018,999999952.0086939,18587.89746749709
31.47147147147147,23.30108666772132,23.301078406225788,999999953.3728663,18622.492060455155
31.51951951951952,22.638934032935566,22.63892623475736,999999954.6982555,18657.08665345974
31.567567567567565,21.9955979469503,21.99559058591043,999999955.9859648,18691.681246509517
31.615615615615617,21.370543704082852,21.370536755569123,999999957.2370652,18726.27583960321
31.663663663663662,20.763251783264355,20.763245224007733,999999958.4525979,18760.870432739564
31.71171171171171,20.173217421983495,20.173211230069903,999999959.6335741,18795.465025917372
31.759759759759756,19.599950203690632,19.599944358485015,999999960.7809769,18830.059619135445
31.80780780780781,19.04297366036706,19.042968142300428,999999961.8957604,18864.654212392652
31.855855855855854,18.5018248560582,18.50181964673955,999999962.9788525,18899.24880568787
31.903903903903903,17.976054008796904,17.976049091037144,999999964.0311542,18933.84339902002
31.95195195195195,17.465224117282204,17.465219475077067,999999965.053541,18968.437992388055
32.0,16.968910604366886,16.968906222545325,999999966.0468633,19003.032585790956
32.048048048048045,16.486700955480348,16.486696819662402,999999967.0119479,19037.62717922773
32.0960960960961,16.018194376272714,16.018190472707595,999999967.9495972,19072.221772697412
32.14414414414414,15.563001459028786,15.562997774368315,999999968.8605918,19106.816366199066
32.192192192192195,15.12074386893017,15.120740390602974,999999969.7456893,19141.41095973179
32.24024024024024,14.6910540223509,14.69105073859302,999999970.6056259,19176.005553294694
32.288288288288285,14.273574777843844,14.2735716776277,999999971.441117,19210.600146886925
32.33633633633634,13.867959140419348,13.86795621357725,999999972.2528579,19245.194740507646
32.38438438438438,13.473869980072417,13.473867217051184,999999973.0415237,19279.789334156052
32.43243243243243,13.090979752586458,13.090977144125869,999999973.8077705,19314.383927831343
32.48048048048048,12.71897021512073,12.718967752520388,999999974.5522356,19348.97852153277
32.528528528528525,12.357532165292904,12.357529840429862,999999975.2755383,19383.57311525958
32.57657657657658,12.00636518211539,12.00636298747926,999999975.9782804,19418.167709011057
32.62462462462462,11.665177387686988,11.665175316269444,999999976.6610464,19452.762302786494
32.672672672672675,11.333685212583696,11.333683257656123,999999977.3244042,19487.356896585217
32.72072072072072,11.011613134460937,11.011611289628778,999999977.9689057,19521.95149040656
32.768768768768766,10.698693458554683,10.69869171766639,999999978.5950867,19556.546084249883
32.81681681681682,10.394666093829136,10.3946644508577,999999979.2034683,19591.140678114556
32.86486486486486,10.099278343031619,10.09927679213289,999999979.7945565,19625.735271999976
32.91291291291291,9.81228470105953,9.812283236871888,999999980.3688428,19660.329865905554
32.96096096096096,9.533446631064614,9.533445248543972,999999980.9268051,19694.924459830716
33.009009009009006,9.262532372549584,9.262531067018761,999999981.4689074,19729.5190537749
33.05705705705706,8.999316747517987,8.999315514753405,999999981.9956003,19764.113647737577
33.1051051051051,8.743580978309591,8.743579814493614,999999982.5073223,19798.70824171821
33.153153153153156,8.49511251699306,8.495111418369204,999999983.0044988,19833.302835716295
33.2012012012012,8.25370484745894,8.253703810490105,999999983.4875433,19867.897429731333
33.249249249249246,8.01915732023563,8.01915634156458,999999983.9568576,19902.492023762843
33.2972972972973,7.791274985033724,7.7912740614116505,999999984.4128319,19937.086617810353
33.34534534534534,7.569868431753402,7.569867560023315,999999984.8558457,19971.68121187342
33.39339339339339,7.354753643862053,7.354752821135978,999999985.2862672,20006.27580595159
33.44144144144144,7.145751827720794,7.145751051254684,999999985.7044543,20040.870400044438
33.489489489489486,6.942689268731243,6.942688535896015,999999986.110755,20075.464994151545
33.53753753753754,6.745397186629893,6.74539649489523,999999986.5055071,20110.05958827251
33.585585585585584,6.553711596947186,6.553710943880034,999999986.8890389,20144.654182406928
33.633633633633636,6.367473184661035,6.367472567973746,999999987.2616694,20179.248776554432
33.68168168168168,6.18652715711018,6.186526574663801,999999987.6237085,20213.843370714643
33.729729729729726,6.01072311856885,6.01072256840553,999999987.9754571,20248.437964887198
33.77777777777778,5.839914945153895,5.839914425548801,999999988.3172079,20283.032559071748
33.825825825825824,5.673960664421476,5.673960173899222,999999988.6492453,20317.62715326795
33.87387387387387,5.512722347437554,5.512721884522167,999999988.9718449,20352.221747475476
33.92192192192192,5.356065980828366,5.356065544104394,999999989.2852753,20386.816341694004
33.969969969969966,5.203861357726604,5.203860945812826,999999989.5897973,20421.410935923217
34.01801801801802,5.055981969867485,5.055981581344634,999999989.8856637,20456.00553016282
34.066066066066064,4.912304902851748,4.912304536212215,999999990.173121,20490.600124412507
34.114114114114116,4.7727107423758515,4.772710396286511,999999990.4524078,20525.194718672
34.16216216216216,4.637083464861724,4.6370831380837085,999999990.7237567,20559.789312941015
34.21021021021021,4.5053103420702545,4.505310033443381,999999990.9873931,20594.383907219282
34.25825825825826,4.377281847864001,4.37728155634395,999999991.2435364,20628.978501506543
34.306306306306304,4.252891567230472,4.25289129192376,999999991.4923996,20663.573095802534
34.35435435435435,4.132036115471142,4.132035855483373,999999991.7341894,20698.167690107013
34.402402402402394,4.0146150439722375,4.01461479844974,999999991.969107,20732.762284419736
34.450450450450454,3.9005307568522354,3.900530525010671,999999992.1973478,20767.356878740477
34.4984984984985,3.789688430542607,3.7896882116647563,999999992.4191016,20801.951473068995
34.546546546546544,3.6819959348042155,3.6819957282341726,999999992.6345526,20836.54606740507
34.59459459459459,3.577363762635576,3.577363567760111,999999992.8438802,20871.140661748497
34.64264264264264,3.4757049496017514,3.4757047658328974,999999993.0472583,20905.73525609907
34.69069069069069,3.376935000869779,3.3769348276204263,999999993.244856,20940.32985045657
34.73873873873874,3.280971821825653,3.2809716584746917,999999993.4368377,20974.92444482081
34.786786786786784,3.1877356495459455,3.1877354954007386,999999993.6233629,21009.51903919159
34.83483483483484,3.097148991832288,3.0971488462555543,999999993.8045868,21044.11363356874
34.88288288288288,3.0091365583151237,3.0091364207348263,999999993.9806601,21078.708227952065
34.93093093093093,2.9236251965253115,2.923625066423746,999999994.1517291,21113.302822341397
34.97897897897897,2.840543832024518,2.840543708978628,999999994.3179362,21147.89741673656
35.027027027027025,2.7598234089771,2.7598232927097333,999999994.4794195,21182.492011137394
35.07507507507508,2.681396837195932,2.68139672743148,999999994.6363132,21217.08660554373
35.12312312312312,2.605198933304349,2.605198829742809,999999994.7887478,21251.68119995542
35.17117117117117,2.531166364643887,2.5311662669990684,999999994.9368501,21286.275794372305
35.21921921921922,2.459237597677967,2.459237505648602,999999995.0807431,21320.870388794247
35.267267267267265,2.3893528464920077,2.3893527597217954,999999995.2205466,21355.46498322109
35.31531531531531,2.321454026565776,2.3214539447224936,999999995.3563766,21390.0595776527
35.363363363363355,2.2554847047203306,2.2554846275202367,999999995.4883465,21424.654172088944
35.411411411411414,2.191390049912776,2.191389977075491,999999995.6165655,21459.24876652969
35.45945945945946,2.1291167887297338,2.1291167199800896,999999995.7411404,21493.843360974806
35.507507507507505,2.0686131607739005,2.068613095847201,999999995.8621747,21528.437955424164
35.55555555555555,2.0098288783278946,2.009828816968153,999999995.9797693,21563.032549877655
35.6036036036036,1.9527150838170078,1.952715025781084,999999996.0940218,21597.62714433516
35.65165165165165,1.897224306576821,1.897224251651827,999999996.2050271,21632.221738796557
35.6996996996997,1.8433104244993714,1.84331037252038,999999996.3128777,21666.81633326174
35.747747747747745,1.79092862540624,1.7909285762799043,999999996.4176631,21701.410927730598
35.7957957957958,1.7400353717810706,1.740035325441754,999999996.5194705,21736.005522203035
35.84384384384384,1.690588364699376,1.6905883210537855,999999996.6183844,21770.60011667894
35.89189189189189,1.642546505838582,1.6425464647886003,999999996.7144872,21805.19471115822
35.93993993993993,1.595869864424197,1.5958698258407826,999999996.8078587,21839.789305640774
35.987987987987985,1.550519643794543,1.5505196074812657,999999996.8985766,21874.38390012652
36.03603603603604,1.5064581505541041,1.5064581162885584,999999996.9867163,21908.97849461535
36.08408408408408,1.4636487639726472,1.4636487315935454,999999997.072351,21943.573089107187
36.13213213213213,1.4220559026661763,1.4220558720210252,999999997.155552,21978.167683601947
36.18018018018018,1.381644996074833,1.3816449670376343,999999997.2363884,22012.762278099548
36.228228228228225,1.3423824555265633,1.3423824280246848,999999997.3149275,22047.3568725999
36.27627627627627,1.3042356472994627,1.3042356212949398,999999997.3912343,22081.951467102925
36.324324324324316,1.2671728665944209,1.2671728420128108,999999997.4653727,22116.54606160856
36.372372372372375,1.2311633083979745,1.2311632851759946,999999997.5374041,22151.140656116724
36.42042042042042,1.1961770428253633,1.1961770209082185,999999997.6073883,22185.735250627342
36.468468468468465,1.1621849900911765,1.1621849694257733,999999997.6753836,22220.329845140346
36.51651651651651,1.12915889700077,1.129158877534669,999999997.7414465,22254.924439655664
36.56456456456456,1.0970713147410036,1.0970712964335345,999999997.8056319,22289.519034173245
36.61261261261261,1.0658955735077849,1.065895556312381,999999997.8679931,22324.11362869301
36.66066066066066,1.0356057611349985,1.0356057449885085,999999997.9285822,22358.7082232149
36.708708708708706,1.0061767014533203,1.006176686262723,999999997.9874492,22393.302817738855
36.75675675675676,0.9775839337975344,0.9775839194441793,999999998.0446433,22427.89741226482
36.8048048048048,0.9498036940081662,0.9498036804009743,999999998.100212,22462.492006792738
36.85285285285285,0.9228128923946186,0.9228128794535781,999999998.1542014,22497.086601322546
36.9009009009009,0.8965890951795119,0.8965890828487327,999999998.2066565,22531.681195854202
36.948948948948946,0.8711105057951105,0.871110494064683,999999998.2576208,22566.27579038764
36.996996996997,0.8463559470348131,0.846355935942991,999999998.3071368,22600.870384922815
37.04504504504504,0.8223048447560285,0.8223048343049113,999999998.3552456,22635.46497945968
37.093093093093096,0.7989372087987564,0.7989371989871815,999999998.4019871,22670.05957399819
37.14114114114114,0.7762336168435678,0.7762336076607509,999999998.4474003,22704.65416853829
37.189189189189186,0.7541751982531609,0.7541751896606438,999999998.4915229,22739.24876307994
37.23723723723723,0.7327436185837783,0.7327436105098217,999999998.5343916,22773.843357623093
37.28528528528529,0.7119210656969239,0.7119210581113474,999999998.5760419,22808.437952167715
37.333333333333336,0.6916902329438255,0.6916902258201566,999999998.6165086,22843.032546713748
37.38138138138138,0.672034305170591,0.67203429847622,999999998.6558254,22877.627141261164
37.429429429429426,0.6529369447432557,0.6529369384371296,999999998.6940247,22912.221735809922
37.47747747747748,0.6343822777980224,0.6343822718283179,999999998.7311383,22946.816330359987
37.525525525525524,0.6163548825360721,0.6163548768492972,999999998.7671974,22981.410924911306
37.57357357357357,0.5988397764321468,0.5988397709843678,999999998.8022317,23016.005519463863
37.62162162162162,0.5818224016794582,0.5818223964359511,999999998.8362702,23050.60011401761
37.66966966966967,0.5652886140239435,0.5652886089680701,999999998.8693415,23085.194708572526
37.71771771771772,0.5492246709079792,0.5492246660529947,999999998.9014729,23119.78930312856
37.765765765765764,0.5336172200778471,0.5336172154754029,999999998.9326912,23154.383897685693
37.81381381381381,0.518453290014244,0.518453285696416,999999998.9630224,23188.978492243892
37.86186186186186,0.503720277420306,0.5037202734090136,999999998.9924915,23223.573086803128
37.909909909909906,0.4894059367898465,0.48940593309869174,999999999.021123,23258.167681363364
37.95795795795796,0.4754983704045974,0.47549836702605075,999999999.048941,23292.76227592458
38.006006006006004,0.4619860183321807,0.46198601522023,999999999.0759685,23327.35687048674
38.054054054054056,0.44885764942019146,0.4488576465046899,999999999.1022278,23361.951465049828
38.1021021021021,0.4361023528011507,0.4361023500466394,999999999.1277409,23396.546059613807
38.15015015015015,0.42370952684984303,0.4237095242207447,999999999.1525289,23431.140654178656
38.19819819819819,0.41166887107283606,0.41166886853883,999999999.1766124,23465.73524874435
38.24624624624625,0.399970377499278,0.39997037504534705,999999999.2000116,23500.329843310872
38.294294294294296,0.3886043223036575,0.3886043199423831,999999999.2227459,23534.924437878184
38.34234234234234,0.3775612588902442,0.37756125662513934,999999999.244834,23569.51903244627
38.39039039039039,0.3668320091173856,0.36683200694328927,999999999.2662944,23604.113627015115
38.43843843843844,0.3564076552736464,0.3564076531915995,999999999.2871448,23638.708221584693
38.486486486486484,0.346279532954607,0.3462795309720748,999999999.3074028,23673.302816154977
38.53453453453453,0.33643922379091806,0.33643922192131104,999999999.3270851,23707.897410725953
38.58258258258258,0.32687854864237215,0.3268785469031808,999999999.346208,23742.492005297598
38.630630630630634,0.3175895616607074,0.317589560068847,999999999.3647875,23777.0865998699
38.67867867867868,0.3085645423196713,0.30856454088754715,999999999.382839,23811.681194442834
38.726726726726724,0.2997959893472267,0.29979598807628693,999999999.4003775,23846.27578901638
38.77477477477477,0.2912766145021065,0.291276613374125,999999999.4174175,23880.870383590525
38.82282282282282,0.2829993364447577,0.2829993354107188,999999999.4339734,23915.464978165255
38.87087087087087,0.27495727555576066,0.27495727456389685,999999999.4500587,23950.05957274055
38.91891891891892,0.26714374802591734,0.26714374704255833,999999999.4656869,23984.65416731639
38.966966966966964,0.25955225957918976,0.2595522585754912,999999999.4808711,24019.248761892763
39.01501501501502,0.25217650041581924,0.25217649937744635,999999999.4956236,24053.843356469657
39.06306306306306,0.24501033991921523,0.24501033885971676,999999999.509957,24088.43795104705
39.11111111111111,0.2380478216007695,0.23804782056990587,999999999.523883,24123.032545624934
39.15915915915915,0.23128315888276882,0.23128315790632276,999999999.5374132,24157.62714020329
39.20720720720721,0.22471072938952383,0.22471072848695992,999999999.550559,24192.221734782117
39.25525525525526,0.21832507037052015,0.21832506955939626,999999999.5633311,24226.816329361383
39.3033033033033,0.21212087422721557,0.2121208735155644,999999999.5757403,24261.410923941086
39.35135135135135,0.20609298405270196,0.20609298342825846,999999999.5877969,24296.00551852121
39.3993993993994,0.20023638971260388,0.20023638915681335,999999999.5995109,24330.600113101755
39.447447447447445,0.19454622392884183,0.19454622344820538,999999999.6108919,24365.19470768269
39.49549549549549,0.1890177572995192,0.18901775689641098,999999999.6219496,24399.789302264016
39.54354354354354,0.1836463947252657,0.18364639439452576,999999999.6326929,24434.383896845717
39.591591591591595,0.17842767154397043,0.17842767126928358,999999999.643131,24468.978491427788
39.63963963963964,0.17335724975322495,0.1733572495027815,999999999.6532725,24503.573086010212
39.687687687687685,0.16843091467853424,0.16843091440790517,999999999.6631256,24538.167680592982
39.73573573573573,0.16364457250501097,0.16364457218465311,999999999.672699,24572.76227517609
39.78378378378378,0.15899424513991017,0.15899424474554608,999999999.682,24607.356869759526
39.83183183183183,0.15447606741553957,0.1544760669321924,999999999.6910369,24641.951464343274
39.87987987987988,0.15008628392892437,0.15008628335882243,999999999.699817,24676.54605892733
39.927927927927925,0.14582124587897505,0.1458212452517452,999999999.7083474,24711.140653511688
39.97597597597598,0.14167740806781168,0.14167740744654816,999999999.7166356,24745.735248096342
40.02402402402402,0.13765132673052807,0.13765132615543355,999999999.7246882,24780.329842681273
40.07207207207207,0.1337396557309901,0.1337396552332425,999999999.7325119,24814.92443726648
40.12012012012011,0.12993914384819275,0.12993914345478577,999999999.7401134,24849.51903185195
40.16816816816817,0.1262466321778286,0.12624663190359162,999999999.7474988,24884.113626437687
40.21621621621622,0.12265905146642754,0.12265905130332133,999999999.7546743,24918.70822102367
40.26426426426426,0.11917341952656839,0.11917341943113523,999999999.7616458,24953.302815609895
40.31231231231231,0.1157868395001431,0.11578683943942576,999999999.7684193,24987.89741019636
40.36036036036036,0.11249649689293349,0.11249649684913479,999999999.7750003,25022.492004783064
40.408408408408405,0.10929965691075452,0.1092996568632556,999999999.7813942,25057.086599369984
40.45645645645645,0.10619366242468475,0.10619366235356047,999999999.7876066,25091.68119395712
40.5045045045045,0.10317593173367104,0.1031759316248883,999999999.7936423,25126.275788544473
40.552552552552555,0.10024395638203012,0.10024395623463246,999999999.7995065,25160.870383132034
40.6006006006006,0.09739529945025965,0.09739529926572794,999999999.805204,25195.46497771979
40.648648648648646,0.09462759359261359,0.09462759336120224,999999999.8107396,25230.05957230774
40.69669669669669,0.09193853842167476,0.09193853813951414,999999999.816118,25264.654166895878
40.74474474474474,0.08932589888837476,0.08932589856022739,999999999.8213434,25299.248761484207
40.79279279279279,0.08678750340359925,0.08678750304597019,999999999.8264204,25333.843356072706
40.84084084084084,0.08432124200550219,0.08432124165015235,999999999.8313532,25368.43795066138
40.888888888888886,0.08192506474637147,0.08192506443571705,999999999.8361458,25403.032545250226
40.93693693693694,0.07959698032761749,0.07959698009199156,999999999.8408021,25437.627139839235
40.98498498498498,0.0773350537771233,0.07733505364236472,999999999.8453261,25472.2217344284
41.03303303303303,0.07513740505919335,0.07513740504103526,999999999.8497216,25506.816329017718
41.081081081081074,0.07300220751283854,0.07300220760812454,999999999.8539921,25541.41092360719
41.12912912912913,0.07092768630836273,0.07092768648376734,999999999.8581413,25576.00551819681
41.17717717717718,0.06891211701697877,0.06891211720514609,999999999.8621727,25610.600112786564
41.22522522522522,0.06695382464780776,0.06695382480880525,999999999.8660895,25645.194707376457
41.27327327327327,0.06505118162865496,0.06505118172966648,999999999.8698949,25679.789301966484
41.32132132132132,0.06320260655870215,0.06320260657138113,999999999.8735921,25714.383896556647
41.369369369369366,0.06140656294549832,0.06140656285456444,999999999.8771844,25748.97849114693
41.41741741741741,0.05966155791060397,0.05966155772541229,999999999.8806745,25783.573085737335
41.46546546546546,0.057966140941192096,0.057966140707949726,999999999.8840653,25818.16768032786
41.513513513513516,0.056318903014754076,0.05631890276301943,999999999.8873599,25852.762274918507
41.56156156156156,0.054718475123691955,0.05471847487013076,999999999.8905609,25887.356869509258
41.609609609609606,0.05316352706089881,0.05316352682519015,999999999.8936708,25921.95146410012
41.65765765765765,0.051652766394518,0.051652766196002765,999999999.8966924,25956.546058691085
41.705705705705704,0.05018493737883317,0.05018493723150925,999999999.8996282,25991.14065328216
41.75375375375375,0.04875881989182309,0.04875881979739668,999999999.9024805,26025.73524787333
41.8018018018018,0.047373228641011914,0.04737322860141243,999999999.9052517,26060.3298424646
41.849849849849846,0.046027012126999264,0.046027012152237756,999999999.9079442,26094.92443705596
41.8978978978979,0.04471905143429326,0.044719051527870715,999999999.9105603,26129.519031647418
41.945945945945944,0.04344825942649408,0.04344825958223798,999999999.9131019,26164.113626238963
41.99399399399399,0.04221357983180372,0.0422135800301799,999999999.9155713,26198.70822083059
42.042042042042034,0.04101398635114199,0.0410139865550139,999999999.9179705,26233.302815422307
42.090090090090094,0.03984848191419748,0.039848482078364736,999999999.9203017,26267.897410014106
42.13813813813814,0.03871609794035435,0.03871609803309463,999999999.9225665,26302.49200460598
42.186186186186184,0.03761589324699569,0.037615893241382994,999999999.924767,26337.086599197934
42.23423423423423,0.03654695338169907,0.03654695326275329,999999999.9269049,26371.681193789962
42.28228228228228,0.03550838985585916,0.03550838963040415,999999999.9289821,26406.275788382067
42.33033033033033,0.034499339394854805,0.03449933910416225,999999999.9310002,26440.87038297424
42.37837837837837,0.03351896327316023,0.03351896298581135,999999999.932961,26475.464977566477
42.426426426426424,0.03256644676522483,0.03256644651673,999999999.9348661,26510.059572158785
42.474474474474476,0.031640998194181355,0.031640998017381176,999999999.936717,26544.654166751163
42.52252252252252,0.030741848360292017,0.030741848281842187,999999999.9385153,26579.2487613436
42.57057057057057,0.02986824990412375,0.029868249934814,999999999.9402626,26613.843355936093
42.61861861861861,0.029019476675973606,0.029019476797768888,999999999.9419602,26648.43795052865
42.666666666666664,0.028194823153156946,0.028194823315409706,999999999.9436095,26683.03254512127
42.71471471471471,0.027393604017321105,0.027393604199437774,999999999.945212,26717.62713971394
42.76276276276276,0.026615153353567504,0.02661515353796518,999999999.9467689,26752.221734306666
42.81081081081081,0.025858824144092477,0.025858824310724005,999999999.9482816,26786.816328899444
42.85885885885886,0.025123987744365445,0.025123987874488097,999999999.9497513,26821.41092349228
42.906906906906904,0.024410033353359555,0.02441003343508703,999999999.9511793,26856.00551808516
42.95495495495495,0.023716367508633193,0.023716367542235595,999999999.9525665,26890.600112678083
43.003003003002995,0.02304241373078154,0.023042413706986575,999999999.9539145,26925.19470727106
43.051051051051054,0.022387611890373,0.022387611799143718,999999999.9552242,26959.789301864086
43.0990990990991,0.021751417742832835,0.0217514175819808,999999999.9564965,26994.38389645715
43.147147147147145,0.021133302498799827,0.021133302277851512,999999999.9577328,27028.978491050264
43.1951951951952,0.020532752378564143,0.020532752123339566,999999999.9589338,27063.57308564342
43.24324324324324,0.019949268180428078,0.0199492679375961,999999999.9601009,27098.167680236613
43.29129129129129,0.019382364976493805,0.019382364787857972,999999999.9612347,27132.762274829845
43.33933933933933,0.018831571621730648,0.01883157151912259,999999999.9623363,27167.356869423118
43.38738738738739,0.018296430320175847,0.018296430328600965,999999999.9634067,27201.95146401643
43.43543543543544,0.017776496277143672,0.01777649640620711,999999999.9644465,27236.546058609776
43.48348348348348,0.017271337324764307,0.01727133755740778,999999999.9654568,27271.140653203158
43.53153153153153,0.016780533556808166,0.016780533835026038,999999999.9664385,27305.735247796572
43.57957957957958,0.01630367705144775,0.01630367731577917,999999999.9673923,27340.329842390027
43.627627627627625,0.01584037151169817,0.0158403717286431,999999999.9683189,27374.924436983507
43.67567567567567,0.015390231858662777,0.015390231995861774,999999999.9692192,27409.51903157702
43.72372372372372,0.014952883950257699,0.014952883984308763,999999999.970094,27444.113626170565
43.771771771771775,0.014527964266420529,0.014527964193694511,999999999.9709438,27478.708220764143
43.81981981981982,0.014115119602083405,0.014115119453034394,999999999.9717695,27513.302815357747
43.867867867867865,0.01371400680502713,0.01371400662408133,999999999.9725717,27547.897409951373
43.91591591591591,0.013324292555962364,0.013324292358193494,999999999.9733511,27582.49200454503
43.96396396396396,0.012945652924957264,0.012945652728079494,999999999.9741085,27617.08659913872
44.012012012012015,0.012577773202545666,0.012577773026406157,999999999.9748442,27651.68119373243
44.06006006006006,0.012220347612330155,0.01222034747474593,999999999.9755591,27686.275788326166
44.108108108108105,0.011873079054212466,0.011873078965081387,999999999.9762536,27720.870382919926
44.15615615615616,0.011535678880941168,0.011535678844139197,999999999.9769284,27755.46497751372
44.2042042042042,0.011207866713563922,0.011207866748121758,999999999.977584,27790.059572107526
44.25225225225225,0.010889370094662662,0.010889370215401043,999999999.9782209,27824.654166701355
44.30030030030029,0.010579924297234453,0.010579924507745444,999999999.9788399,27859.248761295206
44.34834834834835,0.010279272103924405,0.010279272389084547,999999999.9794412,27893.843355889083
44.3963963963964,0.009987163588327262,0.009987163904774332,999999999.9800254,27928.437950482974
44.44444444444444,0.009703355932438372,0.009703356215978932,999999999.9805931,27963.032545076887
44.49249249249249,0.009427613304493893,0.009427613528751964,999999999.9811447,27997.627139670818
44.54054054054054,0.009159706522322574,0.0091597066689426,999999999.9816804,28032.221734264775
44.588588588588586,0.008899412909712936,0.008899412968379967,999999999.9822011,28066.816328858742
44.63663663663663,0.008646516119253243,0.008646516092392165,999999999.9827068,28101.410923452728
44.68468468468468,0.008400805955195765,0.008400805863448895,999999999.9831983,28136.00551804673
44.732732732732735,0.008162078192480528,0.008162078072451593,999999999.9836757,28170.60011264076
44.78078078078078,0.0079301343766474,0.0079301342494528,999999999.9841397,28205.194707234798
44.828828828828826,0.0077047817178560515,0.007704781603010327,999999999.9845903,28239.78930182885
44.87687687687687,0.007485832920253815,0.007485832834821734,999999999.9850283,28274.383896422914
44.92492492492492,0.007273106030527925,0.0072731059845512844,999999999.9854537,28308.978491017006
44.972972972972975,0.007066424295603149,0.007066424286299013,999999999.985867,28343.5730856111
45.02102102102102,0.0068656159843520125,0.0068656159957566154,999999999.9862688,28378.167680205217
45.069069069069066,0.006670514073013357,0.0066705141039275755,999999999.9866589,28412.76227479934
45.11711711711712,0.006480956376082641,0.006480956425321814,999999999.987038,28447.356869393483
45.16516516516516,0.006296785347157608,0.0062967854102188294,999999999.9874064,28481.951463987636
45.21321321321321,0.006117847936235793,0.006117848005144109,999999999.9877644,28516.5460585818
45.261261261261254,0.00594399547100068,0.0059439955343328615,999999999.988112,28551.140653175975
45.30930930930931,0.005775083509470108,0.0057750835532886825,999999999.9884498,28585.73524777017
45.35735735735736,0.00561097154682295,0.005610971559699111,999999999.988778,28620.32984236437
45.4054054054054,0.005451523152037165,0.0054515231253261355,999999999.9890969,28654.92443695858
45.45345345345345,0.005296605802906225,0.005296605732705689,999999999.9894067,28689.5190315528
45.5015015015015,0.0051460907600848855,0.005146090650196749,999999999.9897078,28724.11362614704
45.549549549549546,0.004999852967419495,0.004999852832901298,999999999.9900002,28758.708220741282
45.59759759759759,0.004857770932253312,0.004857770800017581,999999999.9902844,28793.302815335534
45.645645645645644,0.004719726467985627,0.004719726353635915,999999999.9905605,28827.897409929796
45.693693693693696,0.004585604810242073,0.004585604725349788,999999999.9908288,28862.492004524072
45.74174174174174,0.004455294486870945,0.004455294439975521,999999999.9910895,28897.086599118353
45.789789789789786,0.004328687207534923,0.004328687201137896,999999999.9913427,28931.681193712644
45.83783783783783,0.0042056777797748295,0.004205677806607119,999999999.9915886,28966.27578830694
45.885885885885884,0.004086164012059603,0.004086164053325165,999999999.9918276,29000.870382901256
45.933933933933936,0.003970046493994258,0.003970046540462508,999999999.9920598,29035.464977495572
45.98198198198198,0.0038572286867126033,0.0038572287318951906,999999999.9922855,29070.059572089893
46.03003003003003,0.0037476168233968052,0.003747616860770302,999999999.9925047,29104.654166684224
46.07807807807808,0.0036411198128679903,0.003641119837184693,999999999.9927177,29139.248761278566
46.126126126126124,0.0035376491688067853,0.0035376491778039334,999999999.9929247,29173.843355872912
46.17417417417417,0.003437118931357484,0.0034371189270648674,999999999.9931256,29208.437950467265
46.222222222222214,0.0033394454856890627,0.0033394454670711915,999999999.993321,29243.032545061622
46.270270270270274,0.003244547624788748,0.003244547590619834,999999999.9935107,29277.627139655993
46.31831831831832,0.003152346475587762,0.0031523464266657443,999999999.9936951,29312.221734250365
46.366366366366364,0.003062765415771696,0.0030627653555384124,999999999.9938743,29346.816328844743
46.41441441441441,0.0029757300142921566,0.002975729949509096,999999999.9940485,29381.41092343913
46.46246246246246,0.002891167967379227,0.0028911679084075966,999999999.9942176,29416.005518033526
46.51051051051051,0.0028090089437888925,0.0028090088985489093,999999999.9943819,29450.600112627922
46.55855855855855,0.0027291846322460085,0.0027291846065195017,999999999.9945415,29485.194707222323
46.606606606606604,0.0026516286875706333,0.002651628685052338,999999999.9946967,29519.78930181673
46.65465465465466,0.0025762766576123914,0.0025762766783263566,999999999.9948474,29554.38389641115
46.7027027027027,0.002503065933157559,0.0025030659715305657,999999999.9949938,29588.978491005568
46.75075075075075,0.0024319356956171868,0.0024319357388921715,999999999.995136,29623.57308559999
46.79879879879879,0.0023628267883823747,0.002362826827984518,999999999.9952743,29658.167680194416
46.846846846846844,0.002295681748379422,0.002295681778774446,999999999.9954085,29692.762274788856
46.8948948948949,0.002230444768383478,0.0022304447848993654,999999999.9955391,29727.356869383293
46.94294294294294,0.0021670616333584114,0.0021670616334771866,999999999.9956658,29761.951463977734
46.99099099099099,0.002105479678288864,0.0021054796632748686,999999999.9957889,29796.546058572178
47.03903903903904,0.002045647743863008,0.0020456477202054927,999999999.9959086,29831.140653166636
47.087087087087085,0.001987516040624881,0.001987516008409594,999999999.9960248,29865.735247761088
47.13513513513513,0.0019310362129329726,0.0019310361685549637,999999999.9961379,29900.329842355546
47.183183183183175,0.0018761613153631613,0.0018761612562452534,999999999.9962475,29934.92443695001
47.231231231231234,0.0018228457472468848,0.0018228456725482322,999999999.9963542,29969.519031544478
47.27927927927928,0.0017710452188193335,0.0017710451302814499,999999999.9964578,30004.113626138947
47.327327327327325,0.0017207167190632252,0.0017207166220031495,999999999.9965585,30038.70822073342
47.37537537537537,0.0016718184852483368,0.0016718183897085933,999999999.9966563,30073.302815327897
47.42342342342342,0.001624309967957259,0.0016243098897045453,999999999.9967513,30107.89740992238
47.47147147147147,0.0015781515664506163,0.0015781515159945803,999999999.9968436,30142.492004516866
47.51951951951951,0.0015333048222557705,0.0015333048052576762,999999999.9969333,30177.08659911135
47.567567567567565,0.0014897324571408817,0.001489732478172389,999999999.9970205,30211.681193705837
47.61561561561562,0.0014473982591930925,0.0014473983209956655,999999999.9971051,30246.275788300336
47.66366366366366,0.0014062670556916005,0.0014062671583006596,999999999.9971874,30280.87038289483
47.71171171171171,0.0013663046873125515,0.0013663048270374123,999999999.9972674,30315.464977489326
47.75975975975975,0.0013274779836658795,0.001327478151916529,999999999.997345,30350.05957208383
47.807807807807805,0.001289754737783991,0.0012897549198950646,999999999.9974204,30384.654166678338
47.85585585585586,0.0012531035214819381,0.0012531037062663058,999999999.9974937,30419.248761272844
47.9039039039039,0.0012174937944587167,0.0012174939749075913,999999999.9975649,30453.843355867353
47.95195195195195,0.0011828959551754624,0.0011828961242827407,999999999.9976342,30488.437950461863
48.0,0.0011492812493812384,0.001149281400701475,999999999.9977014,30523.03254505638
